n_items,M,marking,component,target,logical_depth,logical_gates,transpile_status,transpiled_depth,transpiled_gates,transpiled_two_qubit_gates,transpile_seconds
3,3,sparse_M3,oracle,all_to_all,9,17,ok,233,266,42,2.372210300003644
3,3,sparse_M3,iteration,all_to_all,16,32,ok,258,311,48,2.2335795999970287
3,4,dense_cardinality_t2,oracle,all_to_all,8,10,ok,308,350,56,2.176785399991786
3,4,dense_cardinality_t2,iteration,all_to_all,15,25,ok,334,396,62,2.021118100004969
4,3,sparse_M3,oracle,all_to_all,9,23,ok,530,697,108,2.2025459999858867
4,3,sparse_M3,iteration,all_to_all,16,42,ok,598,793,122,2.5416846000007354
4,11,dense_cardinality_t2,oracle,all_to_all,28,43,ok,1938,2539,396,2.1532649000000674
4,11,dense_cardinality_t2,iteration,all_to_all,35,62,ok,2006,2637,410,2.0686191999993753
5,3,sparse_M3,oracle,all_to_all,9,29,ok,1120,1554,252,2.233975900016958
5,3,sparse_M3,iteration,all_to_all,16,52,ok,1282,1762,282,2.2399509999959264
5,26,dense_cardinality_t2,oracle,all_to_all,72,136,ok,9699,13394,2184,2.3296573999978136
5,26,dense_cardinality_t2,iteration,all_to_all,79,159,ok,9861,13603,2214,2.424067300016759
6,3,sparse_M3,oracle,all_to_all,9,35,ok,1678,2596,420,2.1918145999952685
6,3,sparse_M3,iteration,all_to_all,16,62,ok,1912,2895,462,2.319019999995362
6,57,dense_cardinality_t2,oracle,all_to_all,164,369,ok,31864,49082,7980,3.0489782000076957
6,57,dense_cardinality_t2,iteration,all_to_all,171,396,ok,32098,49382,8022,3.1234046000172384
7,3,sparse_M3,oracle,all_to_all,9,41,ok,2804,4066,660,2.169937500002561
7,3,sparse_M3,iteration,all_to_all,16,72,ok,3086,4460,714,2.431293599976925
7,120,dense_cardinality_t2,oracle,all_to_all,352,918,ok,110561,162124,26400,5.594743900001049
7,120,dense_cardinality_t2,iteration,all_to_all,359,949,ok,110843,162519,26454,4.797719499998493
8,3,sparse_M3,oracle,all_to_all,9,47,ok,4232,5989,972,2.052894799999194
8,3,sparse_M3,iteration,all_to_all,16,82,ok,4586,6478,1038,2.18740809999872
8,247,dense_cardinality_t2,oracle,all_to_all,732,2167,ok,345100,492030,80028,10.735351300012553
8,247,dense_cardinality_t2,iteration,all_to_all,739,2202,ok,345454,492521,80094,10.760099000006448
9,3,sparse_M3,oracle,all_to_all,9,53,ok,5958,8198,1332,2.232025099976454
9,3,sparse_M3,iteration,all_to_all,16,92,ok,6360,8783,1410,2.0823030000028666
9,502,dense_cardinality_t2,oracle,all_to_all,1496,4948,ok,987990,1369468,222888,25.70677170000272
9,502,dense_cardinality_t2,iteration,all_to_all,1503,4987,ok,988392,1370056,222966,25.275306600000476
10,3,sparse_M3,oracle,all_to_all,9,59,ok,7962,10695,1740,2.218808400008129
10,3,sparse_M3,iteration,all_to_all,16,102,ok,8436,11375,1830,2.326009599986719
10,1013,dense_cardinality_t2,oracle,all_to_all,3028,11053,ok,2670322,3606304,587540,63.15135810000356
10,1013,dense_cardinality_t2,iteration,all_to_all,3035,11096,ok,2670796,3606987,587630,61.665669100009836
